{
    "section1": {
        "files": [
            {
                "url": "assets/401.jpg",
                "type": "image",
                "key": "401"
            },
            {
                "url": "assets/guapen.png",
                "type": "image",
                "key": "guapen"
            }
        ]
    },
    "meta": {
        "app": "Phaser Editor 2D - Asset Pack Editor",
        "contentType": "phasereditor2d.pack.core.AssetContentType",
        "url": "https://phasereditor2d.com",
        "version": 2,
        "showAllFilesInBlocks": false
    }
}